"0","sel_atras
"
"1","

"
"1","                                 Elimination Summary                                 "
"1"," "
"1","
"
"1","-"
"1",""
"1","-"
"1",""
"1","-"
"1",""
"1","-"
"1",""
"1","-"
"1",""
"1","-"
"1",""
"1","-"
"1",""
"1","-"
"1",""
"1","-"
"1",""
"1","-"
"1",""
"1","-"
"1",""
"1","-"
"1",""
"1","-"
"1",""
"1","-"
"1",""
"1","-"
"1",""
"1","-"
"1",""
"1","-"
"1",""
"1","-"
"1",""
"1","-"
"1",""
"1","-"
"1",""
"1","-"
"1",""
"1","-"
"1",""
"1","-"
"1",""
"1","-"
"1",""
"1","-"
"1",""
"1","-"
"1",""
"1","-"
"1",""
"1","-"
"1",""
"1","-"
"1",""
"1","-"
"1",""
"1","-"
"1",""
"1","-"
"1",""
"1","-"
"1",""
"1","-"
"1",""
"1","-"
"1",""
"1","-"
"1",""
"1","-"
"1",""
"1","-"
"1",""
"1","-"
"1",""
"1","-"
"1",""
"1","-"
"1",""
"1","-"
"1",""
"1","-"
"1",""
"1","-"
"1",""
"1","-"
"1",""
"1","-"
"1",""
"1","-"
"1",""
"1","-"
"1",""
"1","-"
"1",""
"1","-"
"1",""
"1","-"
"1",""
"1","-"
"1",""
"1","-"
"1",""
"1","-"
"1",""
"1","-"
"1",""
"1","-"
"1",""
"1","-"
"1",""
"1","-"
"1",""
"1","-"
"1",""
"1","-"
"1",""
"1","-"
"1",""
"1","-"
"1",""
"1","-"
"1",""
"1","-"
"1",""
"1","-"
"1",""
"1","-"
"1",""
"1","-"
"1",""
"1","-"
"1",""
"1","-"
"1",""
"1","-"
"1",""
"1","-"
"1",""
"1","-"
"1",""
"1","-"
"1",""
"1","-"
"1",""
"1","-"
"1",""
"1","-"
"1",""
"1","
"
"1","    "
"1"," "
"1","  "
"1"," "
"1","Variable        "
"1"," "
"1","  "
"1"," "
"1","        "
"1"," "
"1","  "
"1"," "
"1","  Adj.  "
"1"," "
"1","  "
"1"," "
"1","      "
"1"," "
"1","  "
"1"," "
"1","          "
"1"," "
"1","  "
"1"," "
"1","         "
"1"," "
"1","  "
"1"," "
"1","
"
"1","Step"
"1"," "
"1","  "
"1"," "
"1","  "
"1"," "
"1","R-Square"
"1"," "
"1","  "
"1"," "
"1"," C(p) "
"1"," "
"1","  "
"1"," "
"1","   AIC    "
"1"," "
"1","  "
"1"," "
"1","  RMSE   "
"1"," "
"1","  "
"1"," "
"1","
"
"1","-"
"1",""
"1","-"
"1",""
"1",""
"1","-"
"1",""
"1","-"
"1",""
"1","-"
"1",""
"1","-"
"1",""
"1","-"
"1",""
"1","-"
"1",""
"1","-"
"1",""
"1","-"
"1",""
"1","-"
"1","-"
"1",""
"1","-"
"1",""
"1","-"
"1",""
"1","-"
"1",""
"1","-"
"1",""
"1","-"
"1",""
"1","-"
"1",""
"1","-"
"1",""
"1","-"
"1",""
"1","-"
"1",""
"1","-"
"1",""
"1","-"
"1",""
"1","-"
"1",""
"1","-"
"1",""
"1","-"
"1",""
"1","-"
"1",""
"1","-"
"1",""
"1","-"
"1",""
"1","-"
"1",""
"1","-"
"1",""
"1","-"
"1",""
"1","-"
"1",""
"1","-"
"1",""
"1","-"
"1",""
"1","-"
"1",""
"1","-"
"1",""
"1","-"
"1",""
"1","-"
"1",""
"1","-"
"1",""
"1","-"
"1","-"
"1",""
"1","-"
"1",""
"1","-"
"1",""
"1","-"
"1",""
"1","-"
"1",""
"1","-"
"1",""
"1","-"
"1",""
"1","-"
"1",""
"1","-"
"1",""
"1","-"
"1",""
"1","-"
"1",""
"1",""
"1","-"
"1",""
"1","-"
"1",""
"1","-"
"1",""
"1","-"
"1",""
"1","-"
"1",""
"1","-"
"1",""
"1","-"
"1",""
"1","-"
"1",""
"1","-"
"1",""
"1","-"
"1",""
"1","-"
"1",""
"1","-"
"1",""
"1","-"
"1",""
"1","-"
"1",""
"1","-"
"1",""
"1","-"
"1",""
"1","-"
"1",""
"1","-"
"1",""
"1","-"
"1",""
"1","-"
"1",""
"1","-"
"1",""
"1","-"
"1",""
"1","-"
"1",""
"1","
"
"1","   1"
"1"," "
"1","  "
"1"," "
"1","AÃ±o_Construccion"
"1"," "
"1","  "
"1"," "
"1","  0.5733"
"1"," "
"1","  "
"1"," "
"1","  0.5725"
"1"," "
"1","  "
"1"," "
"1","6.0005"
"1"," "
"1","  "
"1"," "
"1","55540.7553"
"1"," "
"1","  "
"1"," "
"1","2659.7346"
"1"," "
"1","  "
"1"," "
"1","
"
"1","-"
"1",""
"1","-"
"1",""
"1","-"
"1",""
"1","-"
"1",""
"1","-"
"1",""
"1","-"
"1",""
"1",""
"1","-"
"1",""
"1","-"
"1",""
"1","-"
"1",""
"1","-"
"1",""
"1","-"
"1",""
"1","-"
"1",""
"1","-"
"1",""
"1","-"
"1",""
"1","-"
"1",""
"1","-"
"1",""
"1","-"
"1",""
"1","-"
"1",""
"1","-"
"1",""
"1","-"
"1",""
"1","-"
"1",""
"1","-"
"1",""
"1","-"
"1",""
"1","-"
"1",""
"1","-"
"1",""
"1","-"
"1",""
"1","-"
"1",""
"1","-"
"1",""
"1","-"
"1",""
"1","-"
"1",""
"1","-"
"1",""
"1","-"
"1",""
"1","-"
"1",""
"1","-"
"1",""
"1","-"
"1",""
"1","-"
"1",""
"1","-"
"1",""
"1","-"
"1",""
"1","-"
"1",""
"1","-"
"1",""
"1","-"
"1",""
"1","-"
"1",""
"1","-"
"1",""
"1","-"
"1","-"
"1",""
"1","-"
"1",""
"1","-"
"1",""
"1","-"
"1",""
"1","-"
"1",""
"1","-"
"1",""
"1","-"
"1",""
"1","-"
"1",""
"1","-"
"1",""
"1","-"
"1",""
"1","-"
"1",""
"1","-"
"1",""
"1","-"
"1",""
"1","-"
"1",""
"1","-"
"1",""
"1","-"
"1",""
"1","-"
"1",""
"1","-"
"1",""
"1","-"
"1",""
"1","-"
"1",""
"1","-"
"1",""
"1","-"
"1",""
"1","-"
"1",""
"1","-"
"1",""
"1","-"
"1",""
"1","-"
"1",""
"1","-"
"1",""
"1","-"
"1",""
"1","-"
"1",""
"1","-"
"1",""
"1","
"
